{
  "id": "1230786",
  "name": "简单搜索",
  "font_family": "iconfont",
  "css_prefix_text": "icon-",
  "description": "",
  "glyphs": [
    {
      "icon_id": "13167493",
      "name": "新浪网",
      "font_class": "xinlangwang",
      "unicode": "e629",
      "unicode_decimal": 58921
    },
    {
      "icon_id": "13162309",
      "name": "duck",
      "font_class": "duck",
      "unicode": "e628",
      "unicode_decimal": 58920
    },
    {
      "icon_id": "12477920",
      "name": "miji",
      "font_class": "miji",
      "unicode": "e626",
      "unicode_decimal": 58918
    },
    {
      "icon_id": "12477851",
      "name": "sougou",
      "font_class": "sougou",
      "unicode": "e625",
      "unicode_decimal": 58917
    },
    {
      "icon_id": "129283",
      "name": "yahoo",
      "font_class": "yahoo",
      "unicode": "e8ce",
      "unicode_decimal": 59598
    },
    {
      "icon_id": "1444034",
      "name": "bing",
      "font_class": "bing",
      "unicode": "e653",
      "unicode_decimal": 58963
    },
    {
      "icon_id": "3890639",
      "name": "狗狗",
      "font_class": "gougou",
      "unicode": "e624",
      "unicode_decimal": 58916
    },
    {
      "icon_id": "5098251",
      "name": "icon_百度logo",
      "font_class": "icon_baidulogo",
      "unicode": "e65e",
      "unicode_decimal": 58974
    },
    {
      "icon_id": "8777651",
      "name": "social_naver",
      "font_class": "icon-test",
      "unicode": "e661",
      "unicode_decimal": 58977
    },
    {
      "icon_id": "10088793",
      "name": "简书",
      "font_class": "jianshu",
      "unicode": "e623",
      "unicode_decimal": 58915
    },
    {
      "icon_id": "2041739",
      "name": "CN_V2EX",
      "font_class": "v2ex",
      "unicode": "e663",
      "unicode_decimal": 58979
    },
    {
      "icon_id": "9663248",
      "name": "吾爱淘",
      "font_class": "wat",
      "unicode": "e61f",
      "unicode_decimal": 58911
    },
    {
      "icon_id": "9433751",
      "name": "史莱姆",
      "font_class": "shilaimu",
      "unicode": "e61d",
      "unicode_decimal": 58909
    },
    {
      "icon_id": "2325971",
      "name": "安卓",
      "font_class": "anzhuo",
      "unicode": "e64d",
      "unicode_decimal": 58957
    },
    {
      "icon_id": "9329942",
      "name": "云播",
      "font_class": "yunbo",
      "unicode": "e621",
      "unicode_decimal": 58913
    },
    {
      "icon_id": "829644",
      "name": "网易",
      "font_class": "wangyi",
      "unicode": "e605",
      "unicode_decimal": 58885
    },
    {
      "icon_id": "2057658",
      "name": "云邮箱",
      "font_class": "yunyouxiang",
      "unicode": "e72e",
      "unicode_decimal": 59182
    },
    {
      "icon_id": "3823842",
      "name": "S",
      "font_class": "S",
      "unicode": "e67f",
      "unicode_decimal": 59007
    },
    {
      "icon_id": "3876393",
      "name": "pingup",
      "font_class": "pingup",
      "unicode": "e651",
      "unicode_decimal": 58961
    },
    {
      "icon_id": "9276727",
      "name": "导航",
      "font_class": "daohang1",
      "unicode": "e620",
      "unicode_decimal": 58912
    },
    {
      "icon_id": "724352",
      "name": "工具",
      "font_class": "ai-tool",
      "unicode": "e627",
      "unicode_decimal": 58919
    },
    {
      "icon_id": "2604479",
      "name": "播放",
      "font_class": "youku",
      "unicode": "e619",
      "unicode_decimal": 58905
    },
    {
      "icon_id": "4406942",
      "name": "搜索",
      "font_class": "sousuo",
      "unicode": "e61a",
      "unicode_decimal": 58906
    },
    {
      "icon_id": "9258386",
      "name": "iconfont",
      "font_class": "iconfont",
      "unicode": "e618",
      "unicode_decimal": 58904
    },
    {
      "icon_id": "1166678",
      "name": "购物车",
      "font_class": "gouwuche",
      "unicode": "e63b",
      "unicode_decimal": 58939
    },
    {
      "icon_id": "101296",
      "name": "自定义类目",
      "font_class": "wode",
      "unicode": "e660",
      "unicode_decimal": 58976
    },
    {
      "icon_id": "2742660",
      "name": "视频",
      "font_class": "shipin",
      "unicode": "e677",
      "unicode_decimal": 58999
    },
    {
      "icon_id": "5387386",
      "name": "剪切",
      "font_class": "sheji",
      "unicode": "eac1",
      "unicode_decimal": 60097
    },
    {
      "icon_id": "9253503",
      "name": "V",
      "font_class": "V",
      "unicode": "e610",
      "unicode_decimal": 58896
    },
    {
      "icon_id": "9253836",
      "name": "字幕",
      "font_class": "zimu",
      "unicode": "e614",
      "unicode_decimal": 58900
    },
    {
      "icon_id": "9253909",
      "name": "bili",
      "font_class": "bili",
      "unicode": "e615",
      "unicode_decimal": 58901
    },
    {
      "icon_id": "1385",
      "name": "豆瓣",
      "font_class": "douban",
      "unicode": "e600",
      "unicode_decimal": 58880
    },
    {
      "icon_id": "179882",
      "name": "msg_1",
      "font_class": "msg",
      "unicode": "e61c",
      "unicode_decimal": 58908
    },
    {
      "icon_id": "305931",
      "name": "9.9",
      "font_class": "99",
      "unicode": "e6bf",
      "unicode_decimal": 59071
    },
    {
      "icon_id": "316307",
      "name": "baidu_yun_1193372_easyicon.net",
      "font_class": "baiduyun",
      "unicode": "e622",
      "unicode_decimal": 58914
    },
    {
      "icon_id": "375381",
      "name": "网络1",
      "font_class": "wangluo1",
      "unicode": "e687",
      "unicode_decimal": 59015
    },
    {
      "icon_id": "383745",
      "name": "ip",
      "font_class": "ip",
      "unicode": "e64f",
      "unicode_decimal": 58959
    },
    {
      "icon_id": "400298",
      "name": "解锁",
      "font_class": "jshunxiao",
      "unicode": "e645",
      "unicode_decimal": 58949
    },
    {
      "icon_id": "405711",
      "name": "huaban",
      "font_class": "huaban",
      "unicode": "e690",
      "unicode_decimal": 59024
    },
    {
      "icon_id": "431779",
      "name": "github",
      "font_class": "github",
      "unicode": "e709",
      "unicode_decimal": 59145
    },
    {
      "icon_id": "431936",
      "name": "pinterest",
      "font_class": "pinterest",
      "unicode": "e79a",
      "unicode_decimal": 59290
    },
    {
      "icon_id": "579861",
      "name": "微博",
      "font_class": "weibo",
      "unicode": "e63d",
      "unicode_decimal": 58941
    },
    {
      "icon_id": "650820",
      "name": "优惠券",
      "font_class": "youhuiquan",
      "unicode": "e65d",
      "unicode_decimal": 58973
    },
    {
      "icon_id": "688079",
      "name": "聚划算",
      "font_class": "juhuasuan",
      "unicode": "e779",
      "unicode_decimal": 59257
    },
    {
      "icon_id": "702593",
      "name": "gmail",
      "font_class": "gmail",
      "unicode": "e89f",
      "unicode_decimal": 59551
    },
    {
      "icon_id": "705462",
      "name": "windows",
      "font_class": "windows",
      "unicode": "ebb1",
      "unicode_decimal": 60337
    },
    {
      "icon_id": "798260",
      "name": "emi纸飞机",
      "font_class": "emizhifeiji",
      "unicode": "e649",
      "unicode_decimal": 58953
    },
    {
      "icon_id": "808581",
      "name": "h5",
      "font_class": "h5",
      "unicode": "e633",
      "unicode_decimal": 58931
    },
    {
      "icon_id": "881792",
      "name": "论坛选择",
      "font_class": "bolezaixian",
      "unicode": "e6ea",
      "unicode_decimal": 59114
    },
    {
      "icon_id": "982375",
      "name": "邮箱",
      "font_class": "youxiang",
      "unicode": "e667",
      "unicode_decimal": 58983
    },
    {
      "icon_id": "1005780",
      "name": "爱奇艺",
      "font_class": "aiqiyi",
      "unicode": "e719",
      "unicode_decimal": 59161
    },
    {
      "icon_id": "1159875",
      "name": "控制",
      "font_class": "kongzhi",
      "unicode": "e60b",
      "unicode_decimal": 58891
    },
    {
      "icon_id": "1244209",
      "name": "twitter",
      "font_class": "twitter",
      "unicode": "e69b",
      "unicode_decimal": 59035
    },
    {
      "icon_id": "1248734",
      "name": "网络",
      "font_class": "wangluo",
      "unicode": "e617",
      "unicode_decimal": 58903
    },
    {
      "icon_id": "1261185",
      "name": "behance",
      "font_class": "behance",
      "unicode": "e643",
      "unicode_decimal": 58947
    },
    {
      "icon_id": "1314961",
      "name": "站酷",
      "font_class": "zhanku",
      "unicode": "e66f",
      "unicode_decimal": 58991
    },
    {
      "icon_id": "1441545",
      "name": "amazon",
      "font_class": "amazon",
      "unicode": "e616",
      "unicode_decimal": 58902
    },
    {
      "icon_id": "1444470",
      "name": "eye",
      "font_class": "eye",
      "unicode": "e722",
      "unicode_decimal": 59170
    },
    {
      "icon_id": "1927581",
      "name": "操作-翻译",
      "font_class": "fanyi",
      "unicode": "e6ba",
      "unicode_decimal": 59066
    },
    {
      "icon_id": "2041845",
      "name": "CN_acfun.tv",
      "font_class": "acfun",
      "unicode": "e68e",
      "unicode_decimal": 59022
    },
    {
      "icon_id": "3670114",
      "name": "特卖",
      "font_class": "temai",
      "unicode": "e60f",
      "unicode_decimal": 58895
    },
    {
      "icon_id": "3876111",
      "name": "youtube",
      "font_class": "youtube",
      "unicode": "e612",
      "unicode_decimal": 58898
    },
    {
      "icon_id": "3876263",
      "name": "feedly",
      "font_class": "feedly",
      "unicode": "e62e",
      "unicode_decimal": 58926
    },
    {
      "icon_id": "3876460",
      "name": "jsfiddle",
      "font_class": "cdnjs",
      "unicode": "e665",
      "unicode_decimal": 58981
    },
    {
      "icon_id": "3876591",
      "name": "codepen",
      "font_class": "codepen",
      "unicode": "e689",
      "unicode_decimal": 59017
    },
    {
      "icon_id": "4152719",
      "name": "京东_1",
      "font_class": "jingdong",
      "unicode": "e631",
      "unicode_decimal": 58929
    },
    {
      "icon_id": "4152720",
      "name": "淘宝_1",
      "font_class": "taobao",
      "unicode": "e634",
      "unicode_decimal": 58932
    },
    {
      "icon_id": "4419024",
      "name": "控制台",
      "font_class": "kongzhitai",
      "unicode": "e654",
      "unicode_decimal": 58964
    },
    {
      "icon_id": "4437590",
      "name": "导航",
      "font_class": "daohang",
      "unicode": "e611",
      "unicode_decimal": 58897
    },
    {
      "icon_id": "4521237",
      "name": "曲线",
      "font_class": "quxian",
      "unicode": "e61e",
      "unicode_decimal": 58910
    },
    {
      "icon_id": "4608988",
      "name": "QQ",
      "font_class": "QQ",
      "unicode": "e613",
      "unicode_decimal": 58899
    },
    {
      "icon_id": "4936533",
      "name": "code library-fill",
      "font_class": "base64",
      "unicode": "e84b",
      "unicode_decimal": 59467
    },
    {
      "icon_id": "4936972",
      "name": "instagram",
      "font_class": "instagram",
      "unicode": "e87f",
      "unicode_decimal": 59519
    },
    {
      "icon_id": "5327492",
      "name": "飞机",
      "font_class": "feiji",
      "unicode": "e704",
      "unicode_decimal": 59140
    },
    {
      "icon_id": "5330671",
      "name": "音乐",
      "font_class": "yinle",
      "unicode": "e7b8",
      "unicode_decimal": 59320
    },
    {
      "icon_id": "5330865",
      "name": "纸飞机",
      "font_class": "zhifeiji",
      "unicode": "e7d5",
      "unicode_decimal": 59349
    },
    {
      "icon_id": "5634444",
      "name": "theater-masks",
      "font_class": "theater-masks",
      "unicode": "f0fd",
      "unicode_decimal": 61693
    },
    {
      "icon_id": "5634668",
      "name": "font-awesome",
      "font_class": "font-awesome",
      "unicode": "f1a7",
      "unicode_decimal": 61863
    },
    {
      "icon_id": "5950874",
      "name": "腾讯视频",
      "font_class": "tengxunshipin",
      "unicode": "e636",
      "unicode_decimal": 58934
    },
    {
      "icon_id": "6528445",
      "name": "电视",
      "font_class": "dianshi",
      "unicode": "e64b",
      "unicode_decimal": 58955
    },
    {
      "icon_id": "6659718",
      "name": "共享",
      "font_class": "gongxiang",
      "unicode": "e608",
      "unicode_decimal": 58888
    },
    {
      "icon_id": "7239454",
      "name": "dribbble-circle",
      "font_class": "dribbble",
      "unicode": "e6ec",
      "unicode_decimal": 59116
    },
    {
      "icon_id": "7736104",
      "name": "google",
      "font_class": "google",
      "unicode": "e8f0",
      "unicode_decimal": 59632
    },
    {
      "icon_id": "8157644",
      "name": "教程",
      "font_class": "jiaocheng",
      "unicode": "e62b",
      "unicode_decimal": 58923
    },
    {
      "icon_id": "8553991",
      "name": "cloud-fill",
      "font_class": "cloudflare",
      "unicode": "e64c",
      "unicode_decimal": 58956
    },
    {
      "icon_id": "8554642",
      "name": "markdown-fill",
      "font_class": "md",
      "unicode": "e6b5",
      "unicode_decimal": 59061
    },
    {
      "icon_id": "8952745",
      "name": "facebook",
      "font_class": "facebook",
      "unicode": "e7ff",
      "unicode_decimal": 59391
    },
    {
      "icon_id": "9253203",
      "name": "严选",
      "font_class": "yanxuan",
      "unicode": "e609",
      "unicode_decimal": 58889
    },
    {
      "icon_id": "9253294",
      "name": "苏宁易购",
      "font_class": "suning",
      "unicode": "e60c",
      "unicode_decimal": 58892
    },
    {
      "icon_id": "9253383",
      "name": "知乎",
      "font_class": "zhihu",
      "unicode": "e60d",
      "unicode_decimal": 58893
    },
    {
      "icon_id": "9253415",
      "name": "当当网",
      "font_class": "dangdang",
      "unicode": "e60e",
      "unicode_decimal": 58894
    }
  ]
}
